nombre;tipo;direccion;ciudad;provincia;codigoPostal;paginaWeb;email;telefono;razonSocial;nif
KIA RENTING;Renting;CALLE ANABEL SEGURA 16 ED VEGA NORTE II;Alcobendas;Madrid;28108;www.kia.com/es/quiero-un-kia/kia-renting/;contacto@kia.es;915796466;KIA IBERIA, S.L.U.;B83497396
My Renting;Renting;Avinguda del Parc Logístíc, 12-20;Barcelona;Barcelona;08040;www.volkswagen.es;atencionalcliente@volkswagen.es;900100238;VOLKSWAGEN GROUP ESPAÑA DISTRIBUCIÓN, S.A.U.;A60198512
ATOMIZE;Taller;Calle San Pedro 10;Roquetes;Tarragona;43930;www.atomize.es;seu1odw00m@email.com;900111222;ATOMIZE SL;J22233316
HOMOSS;Taller;VIA MADRID 43;Valle de Abdalajís;Málaga;29929;www.homoss.es;ghtr4233w@hotmail.co.uk;923591014;HOMOSS SL;B95004800
CANSACA;Taller;PLAZUELA IGLESIA 93;El Prat de Llobregat;Barcelona;08470;www.cansaca.es;fmeo68yql@netscape.net;965280321;CANSACA SL;B76055433